{"cameraMode":{"drawMode":0,"name":"Shaded","section":"Shading Mode"},"sceneLighting":true,"audioPlay":false,"sceneViewState":{"showFog":true,"showMaterialUpdate":false,"showSkybox":true,"showFlares":true,"showImageEffects":true,"showParticleSystems":true},"in2DMode":false,"pivot":{"x":-6.1338372230529789,"y":-1.4951355457305909,"z":-2.9867942333221437},"rotation":{"x":-0.13490556180477143,"y":0.49306368827819826,"z":-0.07769431173801422,"w":-0.855982780456543},"size":31.974672317504884,"orthographic":false}