{"cameraMode":{"drawMode":0,"name":"Shaded","section":"Shading Mode"},"sceneLighting":true,"audioPlay":false,"sceneViewState":{"showFog":true,"showMaterialUpdate":false,"showSkybox":true,"showFlares":true,"showImageEffects":true,"showParticleSystems":true},"in2DMode":false,"pivot":{"x":6.862361907958984,"y":21.301597595214845,"z":1.716745376586914},"rotation":{"x":0.12093061953783035,"y":0.5840211510658264,"z":-0.08833994716405869,"w":0.7979341745376587},"size":51.605621337890628,"orthographic":false}