{"cameraMode":{"drawMode":0,"name":"Shaded","section":"Shading Mode"},"sceneLighting":true,"audioPlay":false,"sceneViewState":{"showFog":true,"showMaterialUpdate":false,"showSkybox":true,"showFlares":true,"showImageEffects":true,"showParticleSystems":true},"in2DMode":false,"pivot":{"x":0.056378960609436038,"y":0.7230939865112305,"z":0.33760321140289309},"rotation":{"x":0.026663975790143014,"y":0.04107331112027168,"z":0.001103878254070878,"w":-0.9988152980804443},"size":0.40710675716400149,"orthographic":false}